region,disaggregation,disagg_value,section,environmental_impacts_land_use,environmental_impacts_freshwater_use,environmental_impacts_ghg_emissions_lifecycle,environmental_impacts_nitrogen_application,environmental_impacts_phosphorus_application,planetary_impacts_Cropland,planetary_impacts_Freshwater,planetary_impacts_Greenhouse gases,planetary_impacts_Nitrogen,planetary_impacts_Phosphorus
Africa,food.group,beef_lamb,Environmental Impacts,11361.99,3.625018,647.988,257.6789,39.0161,4.91594,1.830062,121.3722,4.31042,3.79958
Africa,food.group,eggs,Environmental Impacts,26.2631,1.82076,19.5717,182.714,24.9325,1.802,0.708836,0.710826,1.66143,1.28547
Africa,food.group,fish,Environmental Impacts,19.0127,0.674266,71.3031,51.9561,10.4782,0.621806,0.28897,0.0897195,0.843585,0.886445
Africa,food.group,fruit_veg,Environmental Impacts,195.46,57.8854,268.879,1502.89,237.729,10.4254,17.8563,2.64298,19.5864,15.2456
Africa,food.group,grains,Environmental Impacts,1047.21,55.5467,804.703,3597.74,481.635,48.2144,29.3115,5.35441,58.8956,44.9361
Africa,food.group,legumes,Environmental Impacts,286.364,7.25357,40.2154,4.34601,7.19293,11.696,7.11157,0.916636,0.0642836,0.309682
Africa,food.group,milk,Environmental Impacts,3693.52,4.36177,158.207,267.819,46.4086,4.94466,1.53557,11.3837,3.6327,3.97713
Africa,food.group,nuts_seeds,Environmental Impacts,91.072,7.90505,31.9881,25.2125,3.48529,4.57943,2.44732,0.844491,2.14734,1.74172
Africa,food.group,oils,Environmental Impacts,255.478,4.09306,95.6899,328.641,79.0003,6.59092,1.672,2.31549,4.70463,5.54683
Africa,food.group,pork_poultry,Environmental Impacts,102.1076,6.195551,88.0768,577.242,84.867,5.75464,1.89914,3.45815,5.4704,4.426226
Africa,food.group,roots,Environmental Impacts,502.453,11.2234,368.242,291.602,42.279,8.20709,7.45821,2.29443,9.23792,9.39442
Africa,food.group,sugar,Environmental Impacts,67.7255,40.2906,90.0726,518.649,82.8729,2.80455,14.365,0.667033,7.40295,5.75272
Africa,food.group,total,Environmental Impacts,17648.6559,200.875145,2684.9366,7606.49051,1139.89682,110.556836,86.484478,152.0500655,117.9576586,97.301923
Asia,food.group,beef_lamb,Environmental Impacts,9787.17,18.44465,1356.091,958.631,189.7977,3.39223,1.249611,86.4748,2.98339,2.63761
Asia,food.group,eggs,Environmental Impacts,321.964,34.0061,215.155,2144,397.478,7.40711,2.91367,2.92184,6.82928,5.28393
Asia,food.group,fish,Environmental Impacts,66.6827,7.64743,505.342,865.833,190.227,1.73672,0.844815,0.253757,2.28903,2.44888
Asia,food.group,fruit_veg,Environmental Impacts,595.519,249.79,730.435,15725.8,2607.15,18.3393,27.0117,4.3698,33.6434,26.7943
Asia,food.group,grains,Environmental Impacts,918.132,407.609,622.926,17582.2,2954.25,27.2079,25.595,3.74005,43.4811,32.8345
Asia,food.group,legumes,Environmental Impacts,452.748,67.7627,73.8333,82.3617,87.7384,7.86382,4.55871,0.606091,0.209195,1.00778
Asia,food.group,milk,Environmental Impacts,5868.18,43.2307,939.933,2165.49,522.761,11.3492,3.52453,26.1285,8.33798,9.12852
Asia,food.group,nuts_seeds,Environmental Impacts,232.264,37.3078,79.5532,680.47,146.678,5.73119,3.06284,1.05688,2.6874,2.17977
Asia,food.group,oils,Environmental Impacts,884.931,28.5075,308.288,1918.28,553.681,8.42138,2.29187,2.29711,5.56339,6.9569
Asia,food.group,pork_poultry,Environmental Impacts,1106.045,61.6927,923.049,5657.21,1056.385,18.70469,4.93431,16.96808,16.99988,13.54984
Asia,food.group,roots,Environmental Impacts,153.638,20.3756,106.792,1326.22,268.719,2.33378,2.12083,0.652449,2.62691,2.67141
Asia,food.group,sugar,Environmental Impacts,215.106,260.463,188.112,3496.56,580.291,3.49054,17.8787,0.830187,9.21368,7.15981
Asia,food.group,total,Environmental Impacts,20602.3797,1236.83718,6049.5095,52603.0557,9555.1561,115.97786,95.986586,146.299544,134.864635,112.65325
Australia and New Zealand,food.group,beef_lamb,Environmental Impacts,2036.067,0.474076,186.3629,24.7282,8.38351,18.56925,6.75285,491.414,16.39112,14.54268
Australia and New Zealand,food.group,eggs,Environmental Impacts,2.26175,0.660125,1.68143,41.4405,14.4669,7.36535,2.89724,2.90537,6.79078,5.25414
Australia and New Zealand,food.group,fish,Environmental Impacts,0.837578,0.0222031,5.05992,5.5457,1.46047,1.14749,0.592326,0.174414,1.44415,1.58873
Australia and New Zealand,food.group,fruit_veg,Environmental Impacts,5.36188,1.88497,6.00794,54.4118,15.15,14.3923,22.646,3.16514,25.5078,19.9801
Australia and New Zealand,food.group,grains,Environmental Impacts,27.7776,0.304664,3.89726,73.6127,24.5858,26.6544,27.3489,3.82912,44.6867,33.7129
Australia and New Zealand,food.group,legumes,Environmental Impacts,3.20375,0.0790036,0.32269,0.0620496,0.205761,1.76424,0.958721,0.133042,0.0946332,0.455889
Australia and New Zealand,food.group,milk,Environmental Impacts,494.459,0.647121,42.1914,36.4974,11.4984,36.6244,11.3738,84.3177,26.907,29.4581
Australia and New Zealand,food.group,nuts_seeds,Environmental Impacts,1.67396,0.0729051,0.232991,43.6686,9.9611,4.92595,2.63251,0.908391,2.30982,1.87351
Australia and New Zealand,food.group,oils,Environmental Impacts,17.5298,0.247932,5.35331,97.4272,21.9491,22.9146,6.59686,4.71652,14.0995,18.6273
Australia and New Zealand,food.group,pork_poultry,Environmental Impacts,84.294,3.07776,21.7737,226.084,76.9056,59.8985,17.9729,44.2943,55.8084,44.8585
Australia and New Zealand,food.group,roots,Environmental Impacts,1.83063,0.0715981,0.831414,9.87039,2.12225,2.82086,2.56347,0.788621,3.17517,3.22896
Australia and New Zealand,food.group,sugar,Environmental Impacts,2.95662,1.15005,1.55383,27.8573,4.10767,9.71366,49.7538,2.31029,25.6404,19.9247
Australia and New Zealand,food.group,total,Environmental Impacts,2678.253568,8.6924079,275.268785,641.2058396,190.796561,206.791,152.089377,638.956908,222.8554732,193.505509
Caribbean,food.group,beef_lamb,Environmental Impacts,65.7337,0.1358876,14.48402,10.95257,1.988589,3.72415,1.342292,101.0316,3.2955,2.930896
Caribbean,food.group,eggs,Environmental Impacts,1.99616,0.112347,0.989977,9.83982,1.86307,5.34809,2.10373,2.10963,4.93089,3.81511
Caribbean,food.group,fish,Environmental Impacts,0.435654,0.00870455,1.39116,1.12042,0.260646,0.32816,0.160968,0.04878,0.42875,0.460864
Caribbean,food.group,fruit_veg,Environmental Impacts,9.37667,4.36869,14.7239,57.513,9.33123,23.0713,42.3113,5.01969,40.2165,30.1229
Caribbean,food.group,grains,Environmental Impacts,6.93929,0.295825,2.9297,46.757,7.14575,17.4756,15.8794,2.41286,29.0302,21.8179
Caribbean,food.group,legumes,Environmental Impacts,6.75667,0.287939,0.869545,0.0121666,0.0401858,12.9839,7.96467,1.02078,0.0191692,0.0923462
Caribbean,food.group,milk,Environmental Impacts,14.4701,0.312101,6.84006,17.5066,5.2713,9.55779,2.96819,22.0042,7.02184,7.6876
Caribbean,food.group,nuts_seeds,Environmental Impacts,1.38216,0.236318,0.706961,4.7179,0.859114,6.6591,3.55873,1.228,3.12251,2.53268
Caribbean,food.group,oils,Environmental Impacts,3.55497,0.0572806,2.74442,7.80835,4.03621,10.3535,2.77366,3.01144,6.9666,8.58993
Caribbean,food.group,pork_poultry,Environmental Impacts,39.27775,2.362283,10.47983,24.7239,45.50653,32.111,10.22283,21.02775,30.28883,24.44539
Caribbean,food.group,roots,Environmental Impacts,4.05525,0.375157,2.88107,2.41249,0.34979,4.18918,3.80693,1.17116,4.71536,4.79524
Caribbean,food.group,sugar,Environmental Impacts,1.94503,1.9611,4.87717,22.382,4.37925,6.64145,34.0178,1.5796,17.5309,13.623
Caribbean,food.group,total,Environmental Impacts,155.923404,10.51363275,63.917813,205.7462166,81.0316648,132.44322,127.1105,161.66549,147.5670492,120.9138562
Central America,food.group,beef_lamb,Environmental Impacts,1298.508,0.599409,292.2884,68.03479,12.815495,6.509451,2.208987,204.8567,5.853791,5.286147
Central America,food.group,eggs,Environmental Impacts,28.3525,2.08827,14.6337,146.765,20.6189,14.2681,5.61249,5.62824,13.155,10.1782
Central America,food.group,fish,Environmental Impacts,3.08919,0.0588001,15.686,6.40496,1.34795,0.6968,0.345452,0.102731,0.906108,0.977412
Central America,food.group,fruit_veg,Environmental Impacts,27.8605,17.2507,45.4671,240.122,53.7249,15.5213,27.3085,3.23878,26.9357,20.6151
Central America,food.group,grains,Environmental Impacts,96.7307,7.39491,38.6827,837.023,87.5524,39.9282,28.6455,5.21924,67.5303,50.2956
Central America,food.group,legumes,Environmental Impacts,30.3772,1.94697,4.10098,0.304709,0.960224,10.8931,6.67816,0.85622,0.0190328,0.0916893
Central America,food.group,milk,Environmental Impacts,183.429,1.64701,75.4686,138.913,35.1712,14.4291,4.48098,33.219,10.6006,11.6057
Central America,food.group,nuts_seeds,Environmental Impacts,6.31848,0.26933,3.27689,15.8614,2.22189,2.65796,1.42046,0.490153,1.24634,1.01091
Central America,food.group,oils,Environmental Impacts,16.8559,0.326738,13.6093,90.6291,21.345,9.14901,2.45752,2.63329,6.13732,7.58514
Central America,food.group,pork_poultry,Environmental Impacts,369.4477,8.13905,71.0689,111.36,21.83063,38.4462,11.79067,27.2529,35.9815,28.96477
Central America,food.group,roots,Environmental Impacts,3.43609,0.425331,1.94323,7.54811,0.851562,0.944801,0.85859,0.264136,1.06347,1.08149
Central America,food.group,sugar,Environmental Impacts,11.863,9.55702,29.6169,120.832,21.4975,8.17036,41.8489,1.94323,21.5666,16.7591
Central America,food.group,total,Environmental Impacts,2076.26826,49.7035381,605.8427,1783.798069,279.937651,161.614382,133.656209,285.70462,190.9957618,154.4512583
Central Asia,food.group,beef_lamb,Environmental Impacts,1878.312,5.66642,66.5132,82.8823,10.76979,15.57558,5.67034,410.9201,13.74435,12.19082
Central Asia,food.group,eggs,Environmental Impacts,3.54019,1.51031,2.3789,27.5805,3.46035,5.26938,2.07277,2.07858,4.85832,3.75896
Central Asia,food.group,fish,Environmental Impacts,0.117813,0.0262154,0.529745,1.35831,0.144933,0.231742,0.107358,0.0331429,0.315515,0.330948
Central Asia,food.group,fruit_veg,Environmental Impacts,11.911,11.0651,16.8622,171.503,22.4309,24.0448,32.3656,5.68682,43.8324,35.1854
Central Asia,food.group,grains,Environmental Impacts,26.8532,11.1425,18.2479,241.624,30.0087,49.2245,50.3041,7.04572,81.9915,61.8833
Central Asia,food.group,legumes,Environmental Impacts,0.882856,0.189672,0.119315,0.018259,0.027696,0.714591,0.435159,0.0560339,0.00343203,0.0165336
Central Asia,food.group,milk,Environmental Impacts,856.186,2.34636,49.2821,45.5869,6.75162,32.3296,10.04,74.4301,23.7517,26.0036
Central Asia,food.group,nuts_seeds,Environmental Impacts,1.17236,0.468345,0.355717,13.966,1.36929,1.51693,0.810669,0.279735,0.7113,0.576939
Central Asia,food.group,oils,Environmental Impacts,20.4459,1.03701,4.35762,31.5318,5.86839,14.5986,4.38191,2.24284,8.46669,11.7169
Central Asia,food.group,pork_poultry,Environmental Impacts,27.41962,0.747994,4.373032,9.46293,2.37957,8.02904,2.542464,5.32096,7.56483,6.1031
Central Asia,food.group,roots,Environmental Impacts,3.87484,2.15608,2.26806,15.5479,3.20123,4.38681,3.98652,1.22641,4.9378,5.02146
Central Asia,food.group,sugar,Environmental Impacts,3.3611,1.25137,2.53195,21.5247,3.65701,3.37374,17.2804,0.802408,8.90538,6.92024
Central Asia,food.group,total,Environmental Impacts,2834.076879,37.6073764,167.819739,662.586599,90.069479,159.295313,129.99729,510.1228498,199.083217,169.7082006
Eastern Africa,food.group,beef_lamb,Environmental Impacts,2990.045,0.2553087,201.3769,11.06545,2.757163,3.92111,1.413483,106.3332,3.46965,3.085659
Eastern Africa,food.group,eggs,Environmental Impacts,4.22386,0.121681,3.14856,20.9051,3.03463,0.790124,0.310804,0.311676,0.728487,0.563642
Eastern Africa,food.group,fish,Environmental Impacts,1.95147,0.0240557,11.6775,3.01015,0.89682,0.661156,0.307824,0.0947536,0.897301,0.943008
Eastern Africa,food.group,fruit_veg,Environmental Impacts,45.474,9.3635,51.2748,316.329,53.4013,7.36297,13.7321,1.87823,13.8159,10.5441
Eastern Africa,food.group,grains,Environmental Impacts,342.713,5.14669,282.063,913.744,127.928,38.4456,22.4044,4.31309,49.6613,37.6346
Eastern Africa,food.group,legumes,Environmental Impacts,128.403,2.485,17.8265,1.59924,2.64035,15.4741,9.4198,1.21323,0.0768091,0.370022
Eastern Africa,food.group,milk,Environmental Impacts,1275.98,0.558864,69.427,38.5254,7.55144,5.36935,1.66746,12.3614,3.94471,4.31872
Eastern Africa,food.group,nuts_seeds,Environmental Impacts,23.3443,2.04825,9.45999,8.05866,1.12879,3.56037,1.90272,0.656567,1.66949,1.35413
Eastern Africa,food.group,oils,Environmental Impacts,78.7983,0.412589,26.5105,104.58,21.0574,4.82304,1.19393,1.82029,3.52793,4.08382
Eastern Africa,food.group,pork_poultry,Environmental Impacts,39.60959,3.177932,18.60722,30.5059,166.83856,2.77317,0.791418,2.238909,2.55815,2.049357
Eastern Africa,food.group,roots,Environmental Impacts,130.142,2.11281,90.8657,67.936,9.77099,7.17802,6.52305,2.00674,8.07961,8.21648
Eastern Africa,food.group,sugar,Environmental Impacts,21.4731,15.0186,28.5537,107.357,20.795,2.14331,10.9781,0.509762,5.65751,4.39636
Eastern Africa,food.group,total,Environmental Impacts,5082.15762,40.7252804,810.79137,1623.6159,417.800443,92.50232,70.645089,133.7378476,94.0868471,77.559898
Eastern Asia,food.group,beef_lamb,Environmental Impacts,3620.39,3.86146,632.857,520.413,106.4474,5.17796,1.93895,125.5039,4.53242,3.9886
Eastern Asia,food.group,eggs,Environmental Impacts,200.498,10.3822,135.185,1306.47,252.678,16.3735,6.44067,6.45874,15.0962,11.6801
Eastern Asia,food.group,fish,Environmental Impacts,43.3969,2.58558,333.593,492.603,100.573,3.20882,1.60339,0.473771,4.15105,4.49253
Eastern Asia,food.group,fruit_veg,Environmental Impacts,277.351,71.1291,363.587,11321.3,1781.46,32.6743,44.976,8.2884,61.698,49.8845
Eastern Asia,food.group,grains,Environmental Impacts,218.596,28.948,157.567,4449.57,761.847,23.6235,23.0815,3.31562,38.7294,29.2212
Eastern Asia,food.group,legumes,Environmental Impacts,33.5184,1.37962,14.763,12.4691,41.3483,3.31419,1.39756,0.231435,0.478388,2.3046
Eastern Asia,food.group,milk,Environmental Impacts,3026.08,3.41388,97.603,411.75,105.667,4.31172,1.33901,9.92656,3.1677,3.46804
Eastern Asia,food.group,nuts_seeds,Environmental Impacts,77.9257,5.68459,21.0759,145.839,23.0403,5.72102,3.05741,1.05501,2.68264,2.1759
Eastern Asia,food.group,oils,Environmental Impacts,264.401,2.09906,85.7267,614.842,156.648,8.76473,2.45612,2.08964,5.58635,7.18116
Eastern Asia,food.group,pork_poultry,Environmental Impacts,1768.957,64.5748,617.8,2761.86,585.6458,44.4149,10.59516,45.47774,39.6597,31.41663
Eastern Asia,food.group,roots,Environmental Impacts,57.9662,1.29551,34.7217,846.32,143.11,3.38549,3.07657,0.946472,3.81071,3.87527
Eastern Asia,food.group,sugar,Environmental Impacts,27.293,5.46821,23.3831,424.506,73.8563,1.77742,9.10402,0.422741,4.69171,3.64586
Eastern Asia,food.group,total,Environmental Impacts,9616.3732,200.82201,2517.8624,23307.9421,4132.3211,152.74755,109.06636,204.190029,184.284268,153.33439
Eastern Europe,food.group,beef_lamb,Environmental Impacts,1012.407,0.638486,99.4371,160.9424,22.75725,5.85814,2.102206,160.826,5.19017,4.62133
Eastern Europe,food.group,eggs,Environmental Impacts,23.9285,0.799755,17.7514,248.515,30.2144,11.9658,4.70687,4.72008,11.0323,8.5359
Eastern Europe,food.group,fish,Environmental Impacts,1.90819,0.0230077,9.82235,4.58519,0.913278,0.651992,0.306975,0.0962899,0.87382,0.924264
Eastern Europe,food.group,fruit_veg,Environmental Impacts,29.8019,6.65387,36.2683,170.272,34.0367,15.5915,23.0909,3.52225,27.903,22.0632
Eastern Europe,food.group,grains,Environmental Impacts,145.428,2.48076,78.3851,755.455,81.4483,46.9384,43.6938,6.3436,72.221,54.7075
Eastern Europe,food.group,legumes,Environmental Impacts,4.42446,0.151017,1.0093,2.77436,0.947182,1.94623,1.17822,0.152293,0.014535,0.0700214
Eastern Europe,food.group,milk,Environmental Impacts,337.447,0.87759,107.659,213.334,40.8878,26.0994,8.10523,60.0868,19.1745,20.9925
Eastern Europe,food.group,nuts_seeds,Environmental Impacts,6.84999,0.320784,2.10969,37.2072,7.06861,1.47834,0.790048,0.27262,0.693206,0.562263
Eastern Europe,food.group,oils,Environmental Impacts,50.5366,0.433116,14.7102,142.27,29.9343,16.4678,4.94496,2.52154,9.54503,13.2155
Eastern Europe,food.group,pork_poultry,Environmental Impacts,656.2607,15.4897,121.3206,587.007,80.50753,50.3878,13.67809,43.92557,46.0385,36.762
Eastern Europe,food.group,roots,Environmental Impacts,26.2287,0.339062,12.565,37.4207,8.03723,5.85969,5.32501,1.63818,6.59569,6.70742
Eastern Europe,food.group,sugar,Environmental Impacts,16.8247,4.40169,21.6127,371.763,90.0443,10.7767,55.1988,2.56313,28.4464,22.1053
Eastern Europe,food.group,total,Environmental Impacts,2312.04574,32.6088377,522.65074,2731.54585,426.79688,194.021792,163.121109,286.6683529,227.728151,191.2671984
Europe,food.group,beef_lamb,Environmental Impacts,2055.864,3.000317,394.1952,534.94,75.7206,7.66836,2.711379,218.8525,6.82156,6.09747
Europe,food.group,eggs,Environmental Impacts,61.2673,3.62017,45.4569,687.228,84.0767,10.8697,4.27572,4.28771,10.0218,7.754
Europe,food.group,fish,Environmental Impacts,8.87867,0.213418,59.5585,33.9138,6.99174,0.906615,0.45243,0.137011,1.16769,1.26571
Europe,food.group,fruit_veg,Environmental Impacts,96.3899,19.142,115.708,756.621,137.704,16.7627,26.2525,3.63346,29.4988,23.0642
Europe,food.group,grains,Environmental Impacts,367.704,12.5773,192.434,2066.32,209.023,41.9658,40.2734,5.78698,66.5524,50.3316
Europe,food.group,legumes,Environmental Impacts,20.8639,1.02437,3.72673,3.3412,2.79399,2.53612,1.51558,0.197546,0.0336581,0.162145
Europe,food.group,milk,Environmental Impacts,728.424,5.11431,324.426,841.83,191.582,30.6732,9.52562,70.6166,22.5347,24.6713
Europe,food.group,nuts_seeds,Environmental Impacts,27.9753,1.62209,4.87677,144.321,21.1085,3.09451,1.65376,0.570657,1.45104,1.17695
Europe,food.group,oils,Environmental Impacts,186.974,7.06786,61.7496,693.892,110.92,18.4566,5.51316,2.94948,10.7814,14.8359
Europe,food.group,pork_poultry,Environmental Impacts,1376.673,35.456,333.113,1695.43,223.478881,49.69,13.00526,45.55291,45.0962,35.9263
Europe,food.group,roots,Environmental Impacts,53.8222,1.13822,25.2906,123.2,25.3463,4.20208,3.81866,1.17477,4.72988,4.81001
Europe,food.group,sugar,Environmental Impacts,36.2527,9.57701,46.2713,560.187,124.334,8.32219,42.6266,1.97934,21.9674,17.0705
Europe,food.group,total,Environmental Impacts,5021.08897,99.553065,1606.8066,8141.224,1213.079711,195.147875,151.624069,355.738964,220.6565281,187.166085
Latin America and the Caribbean,food.group,beef_lamb,Environmental Impacts,6173.444,2.354653,1746.078,323.3195,117.16522,10.346245,3.475208,332.976,9.328545,8.444479
Latin America and the Caribbean,food.group,eggs,Environmental Impacts,73.6514,3.22292,36.8505,304.651,73.6039,10.4682,4.1178,4.12935,9.65162,7.46761
Latin America and the Caribbean,food.group,fish,Environmental Impacts,11.0018,0.125825,37.7464,17.1682,5.0716,0.568984,0.275346,0.0835574,0.751432,0.802644
Latin America and the Caribbean,food.group,fruit_veg,Environmental Impacts,108.247,37.8393,154.438,775.273,171.755,14.8962,27.3796,3.27934,26.3663,20.0496
Latin America and the Caribbean,food.group,grains,Environmental Impacts,298.303,12.5348,112.372,1922.55,355.964,31.216,25.8568,4.20737,52.0555,38.9853
Latin America and the Caribbean,food.group,legumes,Environmental Impacts,90.3727,4.38117,12.0929,1.17404,2.37231,9.42058,5.76686,0.740085,0.0228256,0.109961
Latin America and the Caribbean,food.group,milk,Environmental Impacts,831.315,4.22332,331.782,341.93,176.862,18.26,5.67067,42.0386,13.4151,14.687
Latin America and the Caribbean,food.group,nuts_seeds,Environmental Impacts,25.9355,2.43443,11.2255,28.4423,4.21555,4.49177,2.40047,0.828324,2.10623,1.70837
Latin America and the Caribbean,food.group,oils,Environmental Impacts,85.7626,1.57479,66.26,175.301,135.283,13.906,3.90858,3.26547,8.82943,11.3837
Latin America and the Caribbean,food.group,pork_poultry,Environmental Impacts,886.1459,25.87052,252.6181,335.897,90.066152,39.6984,12.65206,25.9331,37.45434,30.23081
Latin America and the Caribbean,food.group,roots,Environmental Impacts,47.7318,2.92714,31.7001,86.5986,27.9827,2.75366,2.5024,0.769834,3.09953,3.15204
Latin America and the Caribbean,food.group,sugar,Environmental Impacts,42.6997,28.5,105.587,492.144,85.5618,7.65107,39.1891,1.81972,20.1959,15.6939
Latin America and the Caribbean,food.group,total,Environmental Impacts,8674.6104,125.988868,2898.7505,4804.44864,1245.903232,163.677109,133.194894,420.0707504,183.2767526,152.715414
Melanesia,food.group,beef_lamb,Environmental Impacts,4.42219,0.006852444,0.585175,1.964739,0.2997609,24.799235,10.312127,389.8173,21.008039,17.882907
Melanesia,food.group,eggs,Environmental Impacts,0.0487478,0.000274382,0.0362174,0.0628685,0.0121397,0.848562,0.333791,0.334728,0.782366,0.605329
Melanesia,food.group,fish,Environmental Impacts,0.0092904,0.000406603,0.172052,0.0882749,0.0184963,0.331858,0.160523,0.0486592,0.438531,0.468278
Melanesia,food.group,fruit_veg,Environmental Impacts,0.1061,0.605261,0.129899,19.5112,3.1951,28.3778,52.4275,5.03866,46.1943,34.4096
Melanesia,food.group,grains,Environmental Impacts,0.397581,0.347571,0.16322,19.3458,3.16233,13.844,13.8768,1.95659,22.6435,17.1054
Melanesia,food.group,legumes,Environmental Impacts,0.26249,0.00374245,0.0239911,0.0123635,0.0213625,1.72411,1.02384,0.133999,0.0277137,0.133509
Melanesia,food.group,milk,Environmental Impacts,0.230988,0.000444413,0.0282469,0.107952,0.0209154,0.361044,0.112123,0.831204,0.265249,0.290398
Melanesia,food.group,nuts_seeds,Environmental Impacts,0.106865,0.178163,0.0461,6.77139,1.32774,30.2071,16.1432,5.57048,14.1644,11.4888
Melanesia,food.group,oils,Environmental Impacts,0.117951,0.0133401,0.0485327,3.49767,0.683257,3.71075,0.612988,2.70026,3.59431,3.39829
Melanesia,food.group,pork_poultry,Environmental Impacts,1.003982,0.13291739,0.7299604,1.680586,32.722987,12.71102,3.17058,12.37531,11.43735,9.08458
Melanesia,food.group,roots,Environmental Impacts,0.513928,0.0310293,0.352695,2.99667,0.444762,11.7477,10.6758,3.28429,13.2233,13.4473
Melanesia,food.group,sugar,Environmental Impacts,0.203382,0.0300475,0.105904,3.55169,0.699969,3.90385,19.9957,0.928489,10.3047,8.0076
Melanesia,food.group,total,Environmental Impacts,7.4234952,1.350049582,2.4219935,59.5912039,42.6088198,132.567029,128.844972,423.0199692,144.0837587,116.321991
Middle Africa,food.group,beef_lamb,Environmental Impacts,2686.385,0.0496013,76.3929,9.87128,1.931443,4.90446,1.826803,120.8806,4.29965,3.78951
Middle Africa,food.group,eggs,Environmental Impacts,0.297988,0.00396875,0.224749,1.33956,0.194972,0.249663,0.0982075,0.0984832,0.230187,0.178099
Middle Africa,food.group,fish,Environmental Impacts,0.0927609,0.0281917,3.53426,2.87568,0.629972,0.567013,0.264185,0.0833709,0.765137,0.805957
Middle Africa,food.group,fruit_veg,Environmental Impacts,13.8866,2.29721,15.5588,82.3486,14.0577,8.78111,16.981,2.40044,17.1093,13.1611
Middle Africa,food.group,grains,Environmental Impacts,61.2682,0.980982,47.935,172.729,25.4886,39.723,21.7058,4.20584,45.3903,34.7521
Middle Africa,food.group,legumes,Environmental Impacts,17.1083,0.181857,2.30587,0.141778,0.311714,10.4716,6.38348,0.821428,0.0453424,0.218434
Middle Africa,food.group,milk,Environmental Impacts,194.923,0.0198668,5.62584,3.37514,0.642321,1.62551,0.504805,3.74229,1.19422,1.30744
Middle Africa,food.group,nuts_seeds,Environmental Impacts,9.45961,0.201019,3.21869,0.400829,0.0557125,7.35795,3.9322,1.35687,3.4502,2.79848
Middle Africa,food.group,oils,Environmental Impacts,16.8549,0.247007,7.03496,15.6677,4.43757,6.01566,1.43686,2.49281,4.55088,5.13751
Middle Africa,food.group,pork_poultry,Environmental Impacts,39.29758,1.4079391,11.034,19.915,3.85158,9.13098,2.835635,6.30912,8.56789,6.90303
Middle Africa,food.group,roots,Environmental Impacts,48.2446,0.292401,35.4482,21.1383,3.01791,10.5577,9.59431,2.95158,11.8837,12.0851
Middle Africa,food.group,sugar,Environmental Impacts,4.57811,1.57,6.08774,30.9539,5.71679,2.46616,12.6318,0.58655,6.50972,5.0586
Middle Africa,food.group,total,Environmental Impacts,3092.396649,7.28004365,214.401009,360.756767,60.3362845,101.850806,78.1950855,145.9293821,103.9965264,86.19536
Northern Africa,food.group,beef_lamb,Environmental Impacts,637.237,2.208628,92.2044,146.6359,17.36871,8.38367,3.1346,204.1875,7.34174,6.46367
Northern Africa,food.group,eggs,Environmental Impacts,8.5189,1.32013,6.33351,92.7433,10.7979,3.68832,1.45084,1.45491,3.40059,2.63109
Northern Africa,food.group,fish,Environmental Impacts,12.4505,0.537625,34.1801,37.9717,6.49574,0.848744,0.39252,0.122294,1.15489,1.21135
Northern Africa,food.group,fruit_veg,Environmental Impacts,62.8222,32.7324,103.258,541.164,72.0162,19.4844,30.8795,4.42291,35.0563,27.5594
Northern Africa,food.group,grains,Environmental Impacts,215.791,38.5257,134.225,1417.96,160.682,71.4838,57.0269,8.94159,100.35,76.2335
Northern Africa,food.group,legumes,Environmental Impacts,18.8847,2.94303,2.40598,0.0419496,0.139108,6.2458,3.83217,0.491075,0.00859945,0.0414273
Northern Africa,food.group,milk,Environmental Impacts,1165.31,2.97866,30.5742,167.879,25.6239,10.1371,3.1481,23.3379,7.44745,8.15357
Northern Africa,food.group,nuts_seeds,Environmental Impacts,4.17396,3.99661,0.691178,11.9149,1.60924,2.51819,1.34576,0.464377,1.1808,0.957753
Northern Africa,food.group,oils,Environmental Impacts,41.0275,2.59488,13.8769,95.1094,26.6216,10.8599,3.22837,1.80172,6.38859,8.74249
Northern Africa,food.group,pork_poultry,Environmental Impacts,232.3998501,5.815962285,27.669777,18.9987794,187.5140382,9.31469792,3.43573236,3.92473533,9.08268425,7.40890911
Northern Africa,food.group,roots,Environmental Impacts,11.4333,4.46186,5.71635,72.574,10.2778,2.10508,1.91299,0.588511,2.36948,2.40962
Northern Africa,food.group,sugar,Environmental Impacts,15.4703,15.6747,20.5873,234.639,30.4044,5.33741,27.3384,1.26945,14.0887,10.9481
Northern Africa,food.group,total,Environmental Impacts,2425.51921,113.7901853,471.722695,2837.631929,549.5506362,150.4071119,137.1258824,251.0069723,187.8698237,152.7608794
Northern America,food.group,beef_lamb,Environmental Impacts,3883.458,3.382112,484.0675,694.69755,112.86364,14.01084,4.677283,456.8506,12.652279,11.469724
Northern America,food.group,eggs,Environmental Impacts,51.8104,2.396,26.1892,652.027,99.8961,13.5102,5.31439,5.32931,12.4563,9.63764
Northern America,food.group,fish,Environmental Impacts,2.64667,0.129649,43.2683,13.5492,2.85722,1.29247,0.670568,0.195064,1.62379,1.78912
Northern America,food.group,fruit_veg,Environmental Impacts,50.8535,11.9396,65.1957,363.825,61.5052,17.6789,28.197,3.84503,31.172,24.3245
Northern America,food.group,grains,Environmental Impacts,213.023,7.59748,76.3638,1612.01,252.558,32.1501,30.51,4.44501,51.8218,39.1155
Northern America,food.group,legumes,Environmental Impacts,27.3494,1.95571,4.8252,1.14115,2.13724,4.31166,2.61726,0.337711,0.0269549,0.129853
Northern America,food.group,milk,Environmental Impacts,231.842,5.97998,239.4,617.991,131.671,37.514,11.65,86.3656,27.5605,30.1735
Northern America,food.group,nuts_seeds,Environmental Impacts,22.9697,2.11917,2.77634,151.854,19.9876,6.18835,3.30715,1.14119,2.90177,2.35364
Northern America,food.group,oils,Environmental Impacts,129.656,2.95878,33.8523,321.334,69.2822,24.0864,7.22241,3.73188,13.9906,19.3382
Northern America,food.group,pork_poultry,Environmental Impacts,1597.8,30.84105,269.2526,1072.316,156.3297,67.1102,20.7231,46.9163,62.8973,50.6557
Northern America,food.group,roots,Environmental Impacts,21.0271,2.74774,26.0428,110.462,33.6802,3.35863,3.05216,0.938963,3.78048,3.84453
Northern America,food.group,sugar,Environmental Impacts,19.5715,12.967,22.6972,417.263,90.4447,11.3,57.879,2.68758,29.8276,23.1786
Northern America,food.group,total,Environmental Impacts,6252.00727,85.014271,1293.93094,6028.4699,1033.2128,232.51175,175.820321,612.784238,250.7113739,216.010507
Northern Europe,food.group,beef_lamb,Environmental Impacts,287.344,0.1808384,84.8189,88.4197,12.11283,9.65043,3.41028,275.8134,8.58605,7.67577
Northern Europe,food.group,eggs,Environmental Impacts,8.77546,0.124322,6.51085,89.4049,9.64877,9.7856,3.84927,3.86007,9.02222,6.98064
Northern Europe,food.group,fish,Environmental Impacts,1.48572,0.0692244,8.90116,8.82695,1.85326,1.05203,0.517775,0.158065,1.36845,1.47429
Northern Europe,food.group,fruit_veg,Environmental Impacts,12.361,2.50539,14.3309,125.024,20.7236,13.6569,22.2252,2.93163,23.9676,18.6374
Northern Europe,food.group,grains,Environmental Impacts,54.7085,4.43034,28.5141,317.173,27.612,39.2327,36.9282,5.32762,60.6081,45.9135
Northern Europe,food.group,legumes,Environmental Impacts,2.66706,0.28654,0.494896,0.0532284,0.176509,2.80534,1.68844,0.219066,0.0283101,0.136382
Northern Europe,food.group,milk,Environmental Impacts,112.536,0.526889,61.5585,169.492,34.2929,37.3881,11.6109,86.0759,27.468,30.0723
Northern Europe,food.group,nuts_seeds,Environmental Impacts,3.01246,0.280231,0.707134,6.55927,0.835322,2.561,1.36864,0.472273,1.20087,0.974037
Northern Europe,food.group,oils,Environmental Impacts,16.917,0.394003,6.949,60.9434,11.0367,13.0189,3.91287,1.97837,7.53579,10.4448
Northern Europe,food.group,pork_poultry,Environmental Impacts,159.1407,5.757493,49.4524,190.038,24.510814,44.6522,12.41795,37.553,40.9851,32.778
Northern Europe,food.group,roots,Environmental Impacts,8.27742,0.282651,3.73085,24.425,4.9336,4.05265,3.68286,1.13299,4.56168,4.63896
Northern Europe,food.group,sugar,Environmental Impacts,5.1277,1.45534,6.49052,48.9858,8.77241,7.50439,38.4378,1.78484,19.8087,15.393
Northern Europe,food.group,total,Environmental Impacts,672.35302,16.2932618,272.45921,1129.345248,156.508715,185.36024,140.050185,417.307224,205.1408701,175.119079
Oceania,food.group,beef_lamb,Environmental Impacts,2040.49,0.481235,186.9481,26.7274,8.69185,20.07452,7.62071,465.236,17.50116,15.34027
Oceania,food.group,eggs,Environmental Impacts,2.3105,0.660408,1.71765,41.5065,14.4797,5.73192,2.25471,2.26104,5.28477,4.08891
Oceania,food.group,fish,Environmental Impacts,0.846868,0.022626,5.23198,5.63989,1.48014,0.943905,0.484618,0.14303,1.19301,1.309
Oceania,food.group,fruit_veg,Environmental Impacts,5.46798,2.49408,6.13784,74.183,18.3846,17.8772,30.0769,3.63059,30.6577,23.5698
Oceania,food.group,grains,Environmental Impacts,28.1752,0.653154,4.06048,93.1561,27.7789,23.4518,23.9837,3.36122,39.1793,29.5636
Oceania,food.group,legumes,Environmental Impacts,3.46624,0.0827847,0.346681,0.0749668,0.22896,1.7516,0.972722,0.133045,0.0784059,0.377715
Oceania,food.group,milk,Environmental Impacts,494.69,0.647695,42.2196,36.6288,11.5248,27.5432,8.55359,63.4106,20.2352,22.1538
Oceania,food.group,nuts_seeds,Environmental Impacts,1.78083,0.262269,0.279091,52.2192,11.5419,11.5228,6.15799,2.12492,5.40316,4.38253
Oceania,food.group,oils,Environmental Impacts,17.6477,0.261602,5.40184,100.982,22.6421,18.1025,5.09788,4.20935,11.4658,14.8109
Oceania,food.group,pork_poultry,Environmental Impacts,151.1518,3.16593,64.0495,109.113,36.330387,48.2323,14.31838,36.3794,44.8417,36.0176
Oceania,food.group,roots,Environmental Impacts,2.34456,0.103501,1.18411,12.8913,2.57107,5.04809,4.58747,1.41128,5.68215,5.77841
Oceania,food.group,sugar,Environmental Impacts,3.16,1.1834,1.65974,31.4925,4.82157,8.26235,42.3201,1.96511,21.8094,16.9478
Oceania,food.group,total,Environmental Impacts,2751.531678,10.0186847,319.236612,584.6146568,160.475977,188.542185,146.42877,584.265585,203.3317559,174.340335
Polynesia,food.group,beef_lamb,Environmental Impacts,,0.000307031,,0.0344492,0.00858582,6.08209,2.21464,160.3691,5.36671,4.75986
Polynesia,food.group,eggs,Environmental Impacts,,9.06192E-06,,0.00308249,0.000631296,1.11746,0.439564,0.440797,1.03029,0.797148
Polynesia,food.group,fish,Environmental Impacts,,1.62776E-05,,0.00592057,0.00116699,0.644277,0.350053,0.0986381,0.781192,0.880461
Polynesia,food.group,fruit_veg,Environmental Impacts,,0.00384701,,0.259996,0.0394937,21.0405,40.1025,3.60162,33.8162,24.9472
Polynesia,food.group,grains,Environmental Impacts,,0.000918998,,0.197683,0.0308571,17.1214,18.2231,2.50937,29.3742,22.1474
Polynesia,food.group,legumes,Environmental Impacts,,3.85741E-05,,0.000553721,0.00183618,0.880978,0.261162,0.0564635,0.209379,1.00867
Polynesia,food.group,milk,Environmental Impacts,,0.000129375,,0.0234254,0.00541418,4.54203,1.41054,10.4568,3.33691,3.65329
Polynesia,food.group,nuts_seeds,Environmental Impacts,,0.0112017,,1.7792,0.253018,114.391,61.1325,21.0948,53.6391,43.5069
Polynesia,food.group,oils,Environmental Impacts,,0.00032966,,0.0569857,0.00975196,4.95444,1.15008,2.19471,3.84397,4.25913
Polynesia,food.group,pork_poultry,Environmental Impacts,,0.00887248,,0.1357539,2.86160266,67.5246,22.03126,41.7478,64.0297,51.766
Polynesia,food.group,roots,Environmental Impacts,,0.000874014,,0.0242132,0.00405315,8.00673,7.27614,2.23842,9.0124,9.16508
Polynesia,food.group,sugar,Environmental Impacts,,0.00329487,,0.0834529,0.0139306,5.7546,29.4753,1.36867,15.1899,11.8039
Polynesia,food.group,total,Environmental Impacts,0,0.029839052,0,2.604716081,3.230341636,252.060105,184.066839,246.1771886,219.629951,178.695039
South-eastern Asia,food.group,beef_lamb,Environmental Impacts,571.2914,1.081641,238.5693,68.22497,17.12087,2.479529,0.847077,76.86877,2.225927,2.006837
South-eastern Asia,food.group,eggs,Environmental Impacts,37.0895,2.82522,24.4005,249.018,42.6741,5.90499,2.32279,2.32931,5.44434,4.21237
South-eastern Asia,food.group,fish,Environmental Impacts,11.3665,1.34172,98.1554,140.012,31.5686,2.7037,1.29369,0.393217,3.60186,3.8278
South-eastern Asia,food.group,fruit_veg,Environmental Impacts,62.3377,8.82424,63.3427,1041.56,152.116,12.6187,21.0219,2.82592,22.4845,17.4211
South-eastern Asia,food.group,grains,Environmental Impacts,97.9993,7.08592,45.6264,944.236,115.115,14.6991,13.0503,2.03606,25.0436,18.7655
South-eastern Asia,food.group,legumes,Environmental Impacts,28.3927,1.01202,6.63976,35.4728,23.0569,3.45974,1.75759,0.255286,0.276861,1.33376
South-eastern Asia,food.group,milk,Environmental Impacts,166.793,0.834174,15.3815,57.9367,12.4943,1.10903,0.344413,2.55325,0.814777,0.892028
South-eastern Asia,food.group,nuts_seeds,Environmental Impacts,80.0758,10.6138,31.6426,45.4155,8.23055,11.1125,5.9387,2.04925,5.21075,4.22647
South-eastern Asia,food.group,oils,Environmental Impacts,66.7208,2.86021,52.9308,183.809,37.2407,5.63531,1.19045,2.99686,4.71112,4.94315
South-eastern Asia,food.group,pork_poultry,Environmental Impacts,549.42,24.10898,165.2182,391.606,86.4553,23.1053,6.37935,19.64597,21.1785,16.92972
South-eastern Asia,food.group,roots,Environmental Impacts,23.8152,0.958628,23.2441,80.0233,7.74356,2.15386,1.95733,0.60215,2.4244,2.46547
South-eastern Asia,food.group,sugar,Environmental Impacts,36.8264,42.3667,32.5688,504.637,87.9573,4.21259,21.577,1.00192,11.1196,8.64089
South-eastern Asia,food.group,total,Environmental Impacts,1732.1283,103.913253,797.72006,3741.95127,621.77318,89.194349,77.68059,113.557963,104.536235,85.665095
South America,food.group,beef_lamb,Environmental Impacts,4809.197,1.6193569,1439.3003,244.33157,102.36127,12.538673,4.194467,407.0735,11.317058,10.25437
South America,food.group,eggs,Environmental Impacts,43.3028,1.0223,21.2268,148.046,51.1219,9.25405,3.64018,3.65039,8.53214,6.60145
South America,food.group,fish,Environmental Impacts,7.47692,0.0583203,20.6693,9.64283,3.463,0.533762,0.254576,0.0781635,0.711371,0.755509
South America,food.group,fruit_veg,Environmental Impacts,71.0096,16.2198,94.2467,477.638,108.699,13.9574,26.1864,3.15415,24.9864,18.9809
South America,food.group,grains,Environmental Impacts,194.633,4.84411,70.7597,1038.76,261.265,28.5961,25.4755,3.91936,47.2887,35.5291
South America,food.group,legumes,Environmental Impacts,53.2389,2.14625,7.12241,0.857164,1.3719,8.49538,5.1949,0.667144,0.0247561,0.119261
South America,food.group,milk,Environmental Impacts,633.416,2.26421,249.473,185.51,136.419,20.6204,6.4037,47.4728,15.1492,16.5856
South America,food.group,nuts_seeds,Environmental Impacts,18.2348,1.92878,7.24162,7.86309,1.13455,5.10264,2.72693,0.940974,2.39267,1.94071
South America,food.group,oils,Environmental Impacts,65.3517,1.19077,49.9063,76.8634,109.902,16.2426,4.62552,3.55811,10.1396,13.246
South America,food.group,pork_poultry,Environmental Impacts,477.4205,15.36925,171.0701,199.813,144.7398,40.8586,13.22148,25.7677,38.67494,31.24928
South America,food.group,roots,Environmental Impacts,40.2405,2.12666,26.8758,76.638,26.7813,3.41378,3.10228,0.954381,3.84256,3.90766
South America,food.group,sugar,Environmental Impacts,28.8918,16.9819,71.093,348.93,59.6851,7.51053,38.4692,1.7863,19.8249,15.4056
South America,food.group,total,Environmental Impacts,6442.41352,65.7717072,2228.98503,2814.893054,1006.94382,167.123915,133.495133,499.0229725,182.8842951,154.57544
Southern Africa,food.group,beef_lamb,Environmental Impacts,1647.168,0.869426,90.3441,50.3599,10.31986,10.17323,3.62919,283.7195,9.02789,8.05097
Southern Africa,food.group,eggs,Environmental Impacts,2.79903,0.220309,2.0884,12.6027,2.55707,4.43535,1.74469,1.74959,4.08935,3.16399
Southern Africa,food.group,fish,Environmental Impacts,0.0333968,0.00413746,1.0085,0.13997,0.0519048,0.100117,0.0481122,0.0157819,0.130678,0.140079
Southern Africa,food.group,fruit_veg,Environmental Impacts,4.30612,1.20379,5.73958,34.662,7.68405,4.98361,7.95609,1.18919,9.1822,7.26062
Southern Africa,food.group,grains,Environmental Impacts,56.2209,4.24553,45.0176,218.857,38.3754,46.4403,35.7978,6.12569,76.8873,57.485
Southern Africa,food.group,legumes,Environmental Impacts,3.18274,0.245631,1.05975,1.06713,1.67526,3.25379,1.54391,0.235091,0.341641,1.64583
Southern Africa,food.group,milk,Environmental Impacts,472.245,0.344145,10.8659,17.3216,5.81076,9.08289,2.82071,20.9109,6.67294,7.30562
Southern Africa,food.group,nuts_seeds,Environmental Impacts,0.727907,0.133315,0.393894,1.29063,0.186515,0.41896,0.223899,0.0772601,0.196454,0.159345
Southern Africa,food.group,oils,Environmental Impacts,24.1411,0.19579,4.94223,20.2543,7.10741,13.313,3.90486,2.43312,7.98364,10.7616
Southern Africa,food.group,pork_poultry,Environmental Impacts,76.77649,1.909742,23.305,15.7576,69.3281,32.46743,11.202925,17.25365,31.17144,25.30239
Southern Africa,food.group,roots,Environmental Impacts,3.31747,0.452162,1.91731,10.0727,2.35139,2.22202,2.01927,0.621205,2.50112,2.54349
Southern Africa,food.group,sugar,Environmental Impacts,7.6057,2.52911,10.1132,38.1005,7.41159,6.84569,35.0639,1.62817,18.07,14.0419
Southern Africa,food.group,total,Environmental Impacts,2298.523854,12.35308746,196.795464,420.48603,152.8593098,133.736387,105.9553562,335.959148,166.254653,137.860834
Southern Asia,food.group,beef_lamb,Environmental Impacts,996.248,4.5562,272.4065,155.549,28.79298,1.80014,0.663347,45.8437,1.583037,1.399427
Southern Asia,food.group,eggs,Environmental Impacts,60.8884,7.28339,39.6735,314.73,57.2592,2.82838,1.11257,1.11569,2.60774,2.01765
Southern Asia,food.group,fish,Environmental Impacts,9.79293,3.52994,64.9706,218.319,55.0549,0.836648,0.389994,0.119998,1.13454,1.19291
Southern Asia,food.group,fruit_veg,Environmental Impacts,192.782,114.569,219.008,2694.49,574.627,11.6676,18.1641,2.58762,20.7435,16.2786
Southern Asia,food.group,grains,Environmental Impacts,418.925,318.32,315.745,10736.1,1852.69,29.419,26.7664,3.94942,45.2784,34.2669
Southern Asia,food.group,legumes,Environmental Impacts,356.043,62.3616,47.8869,34.1275,22.3969,12.125,7.36926,0.950108,0.0689518,0.33217
Southern Asia,food.group,milk,Environmental Impacts,1011.34,33.7527,679.84,1418.21,342.713,17.3924,5.40125,40.0413,12.7777,13.9892
Southern Asia,food.group,nuts_seeds,Environmental Impacts,62.4562,18.8347,23.8142,426.774,107.756,4.56561,2.43993,0.841941,2.14085,1.73646
Southern Asia,food.group,oils,Environmental Impacts,467.379,21.2775,132.109,928.287,317.603,8.37912,2.35001,1.98941,5.33496,6.86359
Southern Asia,food.group,pork_poultry,Environmental Impacts,418.97274,13.4463561,68.42459,3.17195,30.044758,2.996651,1.0776491,1.390586,2.904563,2.364834
Southern Asia,food.group,roots,Environmental Impacts,61.2756,14.529,42.6528,353.624,109.15,1.82487,1.65836,0.510175,2.05408,2.08888
Southern Asia,food.group,sugar,Environmental Impacts,123.941,202.668,110.308,2387.05,385.453,4.0001,20.4887,0.95138,10.5587,8.20502
Southern Asia,food.group,total,Environmental Impacts,4180.04387,815.1283861,2016.83909,19670.43245,3883.540738,97.835519,87.8815701,100.291328,107.1870218,90.735641
Southern Europe,food.group,beef_lamb,Environmental Impacts,370.6,1.669199,85.7609,131.7244,21.07434,7.72338,2.73778,218.9914,6.86576,6.13294
Southern Europe,food.group,eggs,Environmental Impacts,12.0371,2.17599,8.92587,170.148,23.2363,10.1619,3.9973,4.00852,9.36919,7.24909
Southern Europe,food.group,fish,Environmental Impacts,3.0439,0.0801807,22.5981,11.89,2.43673,1.16451,0.616811,0.180455,1.4335,1.59837
Southern Europe,food.group,fruit_veg,Environmental Impacts,28.5007,6.60707,36.0771,241.181,44.0819,22.0529,35.3161,4.72049,38.6284,30.0822
Southern Europe,food.group,grains,Environmental Impacts,75.6904,4.47833,37.6773,436.692,49.021,40.8921,42.1947,5.90342,69.1438,52.1356
Southern Europe,food.group,legumes,Environmental Impacts,10.1339,0.496553,1.45719,0.173464,0.531764,4.53289,2.77896,0.356295,0.00790925,0.0381022
Southern Europe,food.group,milk,Environmental Impacts,191.015,2.48134,70.6229,184.146,56.3403,31.2593,9.70765,71.9661,22.9654,25.1428
Southern Europe,food.group,nuts_seeds,Environmental Impacts,10.1096,0.562269,0.278856,38.4646,5.08733,5.82353,3.11219,1.07391,2.7307,2.21489
Southern Europe,food.group,oils,Environmental Impacts,74.7456,5.595,22.1673,326.18,44.5274,26.3465,7.79735,4.51904,15.5992,21.2388
Southern Europe,food.group,pork_poultry,Environmental Impacts,311.6105,9.50865,77.767,471.579,71.456099,55.7879,13.97186,54.0536,50.2334,39.9098
Southern Europe,food.group,roots,Environmental Impacts,6.57704,0.306251,3.18874,19.3396,3.88423,2.71022,2.46292,0.757689,3.05063,3.10231
Southern Europe,food.group,sugar,Environmental Impacts,5.32388,1.62442,6.77107,61.8595,11.1216,5.8036,29.7262,1.38032,15.3193,11.9044
Southern Europe,food.group,total,Environmental Impacts,1099.38762,35.5852527,373.292326,2093.377564,332.798993,214.25873,154.419821,367.911239,235.3471893,200.7493022
Western Africa,food.group,beef_lamb,Environmental Impacts,3401.166,0.2420583,187.6693,39.7455,6.63886,3.61347,1.400807,77.7586,3.13044,2.72673
Western Africa,food.group,eggs,Environmental Impacts,10.4233,0.154669,7.77645,55.1231,8.34799,1.86259,0.732667,0.734724,1.71728,1.32869
Western Africa,food.group,fish,Environmental Impacts,4.48458,0.0802558,20.9027,7.95857,2.40378,0.541049,0.251521,0.0783387,0.733369,0.770927
Western Africa,food.group,fruit_veg,Environmental Impacts,68.9713,12.2885,93.0475,528.385,90.5697,9.89768,16.7813,2.72537,19.2724,15.0888
Western Africa,food.group,grains,Environmental Impacts,371.221,6.64777,295.463,874.452,129.161,48.146,23.2182,4.74691,48.1923,37.2881
Western Africa,food.group,legumes,Environmental Impacts,118.785,1.39806,16.6173,1.49591,2.42649,11.8419,7.21782,0.928872,0.0520029,0.250521
Western Africa,food.group,milk,Environmental Impacts,585.058,0.460229,41.7137,40.7175,6.78024,2.16054,0.67096,4.97405,1.58729,1.73778
Western Africa,food.group,nuts_seeds,Environmental Impacts,53.3662,1.52585,18.2244,3.54743,0.505035,6.51907,3.4839,1.20218,3.05685,2.47943
Western Africa,food.group,oils,Environmental Impacts,94.6564,0.642797,43.3253,93.0296,19.7763,5.59158,1.1748,3.00087,4.69301,4.91016
Western Africa,food.group,pork_poultry,Environmental Impacts,21.98607,0.465539,20.01683,139.1947,22.23124,3.33148,1.022448,2.358076,3.11838,2.510397
Western Africa,food.group,roots,Environmental Impacts,309.316,3.90413,234.294,119.881,16.861,12.4055,11.2735,3.46818,13.9637,14.2002
Western Africa,food.group,sugar,Environmental Impacts,18.5983,5.49814,24.7308,107.6,18.5451,1.82859,9.3661,0.43491,4.82677,3.75081
Western Africa,food.group,total,Environmental Impacts,5058.03215,33.3079981,1003.78128,2011.13031,324.246735,107.739449,76.594023,102.4110807,104.3437919,87.042545
Western Asia,food.group,beef_lamb,Environmental Impacts,2720.919,3.278942,145.7415,131.5617,26.6664,6.64307,2.47083,164.4661,5.8263,5.13712
Western Asia,food.group,eggs,Environmental Impacts,19.9481,12.005,13.5178,246.198,41.4057,6.85456,2.69632,2.70388,6.31984,4.88976
Western Asia,food.group,fish,Environmental Impacts,2.0086,0.163967,8.09346,13.5404,2.88504,0.402035,0.189032,0.0585846,0.540765,0.571077
Western Asia,food.group,fruit_veg,Environmental Impacts,51.1366,44.2023,67.6357,496.949,76.5163,17.9084,27.7937,3.97159,31.8335,24.9886
Western Asia,food.group,grains,Environmental Impacts,155.759,42.1127,85.7397,1210.64,194.596,47.5505,48.3884,6.83018,80.2424,60.4815
Western Asia,food.group,legumes,Environmental Impacts,33.9106,2.8198,4.42431,0.274064,0.90855,7.10088,4.35983,0.558443,0.00753129,0.0362815
Western Asia,food.group,milk,Environmental Impacts,807.784,2.88366,97.8264,232.009,55.135,14.3636,4.46064,33.0683,10.5525,11.5531
Western Asia,food.group,nuts_seeds,Environmental Impacts,10.6343,1.70636,2.66475,48.475,6.28175,3.60646,1.92735,0.665066,1.6911,1.37166
Western Asia,food.group,oils,Environmental Impacts,65.9842,1.23374,33.164,159.813,36.3207,11.8225,3.07425,3.83404,8.2227,9.88666
Western Asia,food.group,pork_poultry,Environmental Impacts,63.3523,12.8883096,60.417784,459.15528,86.22627,17.967402,6.5666834,7.850774,17.481601,14.250306
Western Asia,food.group,roots,Environmental Impacts,6.70604,1.43638,3.90565,30.7029,5.5148,1.59528,1.44972,0.445989,1.79566,1.82608
Western Asia,food.group,sugar,Environmental Impacts,23.6843,8.70852,19.3203,158.835,29.367,5.34931,27.3994,1.27228,14.1201,10.9725
Western Asia,food.group,total,Environmental Impacts,3961.82704,133.4396786,542.451354,3188.153344,561.82351,141.163997,130.7761554,225.7252266,178.6339973,145.9646445
Western Europe,food.group,beef_lamb,Environmental Impacts,385.517,0.511792,124.1784,153.8528,19.77617,8.82463,3.075843,260.9918,7.8804,7.06966
Western Europe,food.group,eggs,Environmental Impacts,16.5263,0.520103,12.2688,179.16,20.9772,10.6201,4.17752,4.18925,9.79162,7.57593
Western Europe,food.group,fish,Environmental Impacts,2.44086,0.0410047,18.2369,8.61161,1.78848,0.954779,0.477166,0.144308,1.22855,1.3325
Western Europe,food.group,fruit_veg,Environmental Impacts,25.7263,3.37566,29.0319,220.144,38.8614,16.03,25.7451,3.35176,27.7816,21.5524
Western Europe,food.group,grains,Environmental Impacts,91.8768,1.1879,47.8572,557.001,50.9415,37.9194,36.3002,5.2416,60.6562,45.8314
Western Europe,food.group,legumes,Environmental Impacts,3.63847,0.0902575,0.765345,0.340155,1.13853,1.61235,0.883008,0.121901,0.0814028,0.392152
Western Europe,food.group,milk,Environmental Impacts,87.4264,1.22849,84.5861,274.859,60.0613,32.2572,10.0175,74.2633,23.6985,25.9454
Western Europe,food.group,nuts_seeds,Environmental Impacts,8.00323,0.458805,1.78108,62.0901,8.11719,3.40959,1.82214,0.62876,1.59878,1.29678
Western Europe,food.group,oils,Environmental Impacts,44.7747,0.645737,17.9232,164.499,25.4218,18.1479,5.42907,2.86562,10.5777,14.581
Western Europe,food.group,pork_poultry,Environmental Impacts,116.4888,1.640892,75.2502,611.855,73.9654,47.0332,11.73037,45.79725,42.3196,33.6137
Western Europe,food.group,roots,Environmental Impacts,12.739,0.210252,5.80606,42.0148,8.49121,3.28062,2.98127,0.917154,3.69267,3.75523
Western Europe,food.group,sugar,Environmental Impacts,8.97643,2.09555,11.397,77.5793,14.3956,7.54278,38.6344,1.79397,19.91,15.4718
Western Europe,food.group,total,Environmental Impacts,804.13429,12.0064432,429.082185,2352.006765,323.93578,187.632549,141.273587,400.306673,209.2170228,178.417952
World,food.group,beef_lamb,Environmental Impacts,35302.4,31.288,4815.362,2795.993,543.255,5.25177,1.909238,99.6249,5.48552,4.88034
World,food.group,eggs,Environmental Impacts,537.267,45.7264,344.941,4012.12,694.467,5.86274,2.7903,2.92902,7.87147,6.23876
World,food.group,fish,Environmental Impacts,109.069,8.81321,722.45,988.06,217.106,1.26698,0.537796,0.211158,1.9385,1.95037
World,food.group,fruit_veg,Environmental Impacts,1051.94,379.091,1340.79,19198.6,3234.22,15.9183,23.1327,3.26464,37.6662,29.0547
World,food.group,grains,Environmental Impacts,2872.55,496.518,1812.86,26874,4281.21,41.8494,30.2983,4.81201,52.7246,38.4603
World,food.group,legumes,Environmental Impacts,881.164,82.4603,135.04,92.4391,102.464,11.6541,5.03186,0.450945,0.181358,0.920486
World,food.group,milk,Environmental Impacts,11848,63.5578,2035.97,4271.69,1080.81,9.19718,3.8784,23.2561,8.38072,9.70948
World,food.group,nuts_seeds,Environmental Impacts,401.998,51.6508,130.699,1082.52,207.016,6.70826,3.15181,3.31129,2.12382,1.85974
World,food.group,oils,Environmental Impacts,1560.45,44.4636,571.242,3538.43,970.809,9.8028,2.71324,2.05124,6.94212,8.72129
World,food.group,pork_poultry,Environmental Impacts,2331.93,104.0622,1758.183,12662.61,2252.14,17.16736,6.35003,13.75529,24.843,20.23222
World,food.group,roots,Environmental Impacts,781.017,38.5156,559.252,1950.97,400.579,5.40486,2.35028,1.03582,3.82765,3.59861
World,food.group,sugar,Environmental Impacts,384.515,352.981,454.4,5516.29,968.326,4.32233,21.5394,1.07696,10.8225,8.69898
World,food.group,total,Environmental Impacts,58062.3,1699.12791,14681.189,82983.7221,14952.402,160.114,151.948,174.415,213.301,167.25
,,,,,,,,,,,,,
,,,,,,,,,,,,,
,,,,,,,,,,,,,
,,,,,,,,,,,,,
